Dataset,ROC-AUC,PR-AUC,F1,BalancedAccuracy,BrierScore,K,Precision@K,Recall@K
Validation,0.8379127561828752,0.6352426194982173,0.5737265415549598,0.7708949157552468,0.1572877209789895,200,0.805,0.3946078431372549
Test,0.8220261864329661,0.6344258128721043,0.562962962962963,0.7576451644248254,0.15833182389253328,200,0.81,0.39803439803439805
