Dataset,ROC-AUC,PR-AUC,F1,BalancedAccuracy,BrierScore,K,Precision@K,Recall@K
Validation,0.8711187678589023,0.6891894591252559,0.6293206197854588,0.7710796630209873,0.12006722762173141,200,0.82,0.4019607843137255
Test,0.8535962773250908,0.6734171243776962,0.6324786324786325,0.7701592193117617,0.12232367871120618,200,0.795,0.3906633906633907
