Dataset,ROC-AUC,PR-AUC,F1,BalancedAccuracy,BrierScore,K,Precision@K,Recall@K
Validation,0.8767520199034388,0.7157818070144351,0.6217303822937625,0.7916789831510493,0.13717052110116312,200,0.83,0.4068627450980392
Test,0.8697341409205817,0.7188391264906762,0.6112224448897795,0.7849251408573443,0.1374543791091275,200,0.855,0.4201474201474201
