Dataset,ROC-AUC,PR-AUC,F1,BalancedAccuracy,BrierScore,K,Precision@K,Recall@K
Validation,0.858819218642231,0.6803216437952679,0.6022099447513812,0.7363779682727363,0.10619037524263143,200,0.765,0.375
Test,0.8504575453727995,0.666105846253768,0.5758426966292135,0.7204554323198391,0.10962876333084352,200,0.77,0.3783783783783784
