Dataset,ROC-AUC,PR-AUC,F1,BalancedAccuracy,BrierScore,K,Precision@K,Recall@K
Validation,0.84656893536309,0.6587281568431252,0.5924170616113744,0.7479554635924721,0.12493800702156696,200,0.765,0.375
Test,0.8304483219737457,0.6500795590658801,0.5627283800243605,0.7263449890568534,0.12776691784196445,200,0.755,0.371007371007371
